{"ai": {"f0_mean": 175.747811, "f0_std": 38.368014, "f0_range": 196.535114, "f0_diff_std": 17.605277, "jitter": 0.046112, "voiced_ratio": 0.87278, "rms_mean": 0.083765, "rms_std": 0.049595, "shimmer": 0.190045, "zcr_mean": 0.141446, "zcr_std": 0.119528, "silence_ratio": 0.345289, "spectral_centroid_mean": 1739.087657, "spectral_centroid_std": 1013.716645, "spectral_bandwidth_mean": 1676.949875, "spectral_bandwidth_std": 499.156919, "spectral_rolloff_mean": 3290.725156, "spectral_rolloff_std": 1776.26561, "spectral_flatness_mean": 0.033482, "spectral_flatness_std": 0.06364, "harmonic_mean": 0.034691, "percussive_mean": 0.031876, "harmonic_percussive_ratio": 1.096362}, "human": {"f0_mean": 253.398379, "f0_std": 71.649677, "f0_range": 254.825741, "f0_diff_std": 21.877333, "jitter": 0.041374, "voiced_ratio": 0.714688, "rms_mean": 0.129042, "rms_std": 0.105673, "shimmer": 0.163578, "zcr_mean": 0.114147, "zcr_std": 0.098747, "silence_ratio": 0.135774, "spectral_centroid_mean": 1666.243105, "spectral_centroid_std": 931.136203, "spectral_bandwidth_mean": 1646.918658, "spectral_bandwidth_std": 544.313002, "spectral_rolloff_mean": 3172.250108, "spectral_rolloff_std": 1793.468496, "spectral_flatness_mean": 0.01224, "spectral_flatness_std": 0.021332, "harmonic_mean": 0.051658, "percussive_mean": 0.057743, "harmonic_percussive_ratio": 0.919005}, "importance": {"f0_mean": 11.1529, "f0_std": 8.2861, "f0_range": 5.7774, "f0_diff_std": 1.8827, "jitter": 0.7233, "voiced_ratio": 5.4842, "rms_mean": 7.5703, "rms_std": 4.946, "shimmer": 1.6771, "zcr_mean": 1.6311, "zcr_std": 0.9868, "silence_ratio": 13.0629, "spectral_centroid_mean": 0.5956, "spectral_centroid_std": 0.6, "spectral_bandwidth_mean": 0.4264, "spectral_bandwidth_std": 1.164, "spectral_rolloff_mean": 0.577, "spectral_rolloff_std": 0.1269, "spectral_flatness_mean": 3.7841, "spectral_flatness_std": 5.2545, "harmonic_mean": 7.0906, "percussive_mean": 4.8934, "harmonic_percussive_ratio": 1.2337}}