{
  "ai_centroid": {
    "f0_diff_std": 17.605277351093413,
    "f0_mean": 175.74781072684453,
    "f0_range": 196.5351141735377,
    "f0_std": 38.3680143336511,
    "harmonic_mean": 0.034690938889980316,
    "harmonic_percussive_ratio": 1.0963616371154785,
    "jitter": 0.04611155656623513,
    "mfcc_0_delta_std": 56.2473030090332,
    "mfcc_0_mean": -237.6160430908203,
    "mfcc_0_std": 124.47511291503906,
    "mfcc_10_delta_std": 7.358990669250488,
    "mfcc_10_mean": -15.805577278137207,
    "mfcc_10_std": 9.764619827270508,
    "mfcc_11_delta_std": 6.441708564758301,
    "mfcc_11_mean": -3.17626690864563,
    "mfcc_11_std": 9.502134323120117,
    "mfcc_12_delta_std": 6.050287246704102,
    "mfcc_12_mean": -4.478842258453369,
    "mfcc_12_std": 8.666786193847656,
    "mfcc_13_delta_std": 5.884580135345459,
    "mfcc_13_mean": -3.2861239910125732,
    "mfcc_13_std": 8.202770233154297,
    "mfcc_14_delta_std": 6.127225875854492,
    "mfcc_14_mean": -12.629435539245605,
    "mfcc_14_std": 8.767416954040527,
    "mfcc_15_delta_std": 5.220183849334717,
    "mfcc_15_mean": -0.5497139096260071,
    "mfcc_15_std": 6.704678535461426,
    "mfcc_16_delta_std": 5.2355546951293945,
    "mfcc_16_mean": -12.529691696166992,
    "mfcc_16_std": 7.365825653076172,
    "mfcc_17_delta_std": 5.181285381317139,
    "mfcc_17_mean": -10.156485557556152,
    "mfcc_17_std": 6.7262468338012695,
    "mfcc_18_delta_std": 4.717536926269531,
    "mfcc_18_mean": -7.3001275062561035,
    "mfcc_18_std": 6.277479648590088,
    "mfcc_19_delta_std": 4.780849456787109,
    "mfcc_19_mean": -6.031313896179199,
    "mfcc_19_std": 6.575583457946777,
    "mfcc_1_delta_std": 31.80129623413086,
    "mfcc_1_mean": 84.82795715332031,
    "mfcc_1_std": 49.120635986328125,
    "mfcc_2_delta_std": 23.297527313232422,
    "mfcc_2_mean": -7.031647682189941,
    "mfcc_2_std": 41.32481384277344,
    "mfcc_3_delta_std": 16.22701072692871,
    "mfcc_3_mean": 12.903706550598145,
    "mfcc_3_std": 28.5384578704834,
    "mfcc_4_delta_std": 11.344106674194336,
    "mfcc_4_mean": 3.0505964756011963,
    "mfcc_4_std": 17.920528411865234,
    "mfcc_5_delta_std": 12.303304672241211,
    "mfcc_5_mean": -13.893007278442383,
    "mfcc_5_std": 18.388675689697266,
    "mfcc_6_delta_std": 9.512872695922852,
    "mfcc_6_mean": -2.6564674377441406,
    "mfcc_6_std": 13.436846733093262,
    "mfcc_7_delta_std": 9.657159805297852,
    "mfcc_7_mean": -24.39694595336914,
    "mfcc_7_std": 16.317691802978516,
    "mfcc_8_delta_std": 9.308510780334473,
    "mfcc_8_mean": -10.431055068969727,
    "mfcc_8_std": 14.213765144348145,
    "mfcc_9_delta_std": 8.017312049865723,
    "mfcc_9_mean": -9.987167358398438,
    "mfcc_9_std": 11.165024757385254,
    "percussive_mean": 0.031876079738140106,
    "rms_mean": 0.08376475423574448,
    "rms_std": 0.049595169723033905,
    "shimmer": 0.19004470109939575,
    "silence_ratio": 0.34528867071717595,
    "spectral_bandwidth_mean": 1676.9498747817538,
    "spectral_bandwidth_std": 499.15691931774035,
    "spectral_centroid_mean": 1739.0876570996195,
    "spectral_centroid_std": 1013.7166452479809,
    "spectral_flatness_mean": 0.03348241746425629,
    "spectral_flatness_std": 0.0636402890086174,
    "spectral_rolloff_mean": 3290.7251555153794,
    "spectral_rolloff_std": 1776.2656095598256,
    "voiced_ratio": 0.8727803408493893,
    "zcr_mean": 0.14144569688453504,
    "zcr_std": 0.11952788700249635
  },
  "human_centroid": {
    "f0_diff_std": 21.87733266128292,
    "f0_mean": 253.39837887330128,
    "f0_range": 254.8257414325662,
    "f0_std": 71.64967672022638,
    "harmonic_mean": 0.051658231765031815,
    "harmonic_percussive_ratio": 0.9190049171447754,
    "jitter": 0.041373680964110746,
    "mfcc_0_delta_std": 30.643266677856445,
    "mfcc_0_mean": -163.11517333984375,
    "mfcc_0_std": 74.22494506835938,
    "mfcc_10_delta_std": 5.094725608825684,
    "mfcc_10_mean": -8.615923881530762,
    "mfcc_10_std": 7.965164661407471,
    "mfcc_11_delta_std": 5.511424541473389,
    "mfcc_11_mean": -3.7067625522613525,
    "mfcc_11_std": 9.194723129272461,
    "mfcc_12_delta_std": 4.9289727210998535,
    "mfcc_12_mean": -6.887038230895996,
    "mfcc_12_std": 8.039569854736328,
    "mfcc_13_delta_std": 5.247859001159668,
    "mfcc_13_mean": -3.2512481212615967,
    "mfcc_13_std": 8.266469955444336,
    "mfcc_14_delta_std": 5.225522994995117,
    "mfcc_14_mean": -12.45547866821289,
    "mfcc_14_std": 8.998453140258789,
    "mfcc_15_delta_std": 5.705422401428223,
    "mfcc_15_mean": 0.7960667014122009,
    "mfcc_15_std": 9.34980297088623,
    "mfcc_16_delta_std": 5.463127136230469,
    "mfcc_16_mean": -4.077334403991699,
    "mfcc_16_std": 9.964347839355469,
    "mfcc_17_delta_std": 6.1972150802612305,
    "mfcc_17_mean": 2.7915101051330566,
    "mfcc_17_std": 12.968585968017578,
    "mfcc_18_delta_std": 6.489604473114014,
    "mfcc_18_mean": -4.436234474182129,
    "mfcc_18_std": 10.89610481262207,
    "mfcc_19_delta_std": 6.600482940673828,
    "mfcc_19_mean": -0.38915589451789856,
    "mfcc_19_std": 9.51772689819336,
    "mfcc_1_delta_std": 20.345176696777344,
    "mfcc_1_mean": 104.52056884765625,
    "mfcc_1_std": 43.49334716796875,
    "mfcc_2_delta_std": 12.487248420715332,
    "mfcc_2_mean": 8.632387161254883,
    "mfcc_2_std": 28.049522399902344,
    "mfcc_3_delta_std": 11.625640869140625,
    "mfcc_3_mean": 16.42242431640625,
    "mfcc_3_std": 24.364723205566406,
    "mfcc_4_delta_std": 7.778647422790527,
    "mfcc_4_mean": -14.453686714172363,
    "mfcc_4_std": 16.484697341918945,
    "mfcc_5_delta_std": 7.811674118041992,
    "mfcc_5_mean": -17.777469635009766,
    "mfcc_5_std": 12.180927276611328,
    "mfcc_6_delta_std": 6.450125694274902,
    "mfcc_6_mean": -8.804859161376953,
    "mfcc_6_std": 10.600940704345703,
    "mfcc_7_delta_std": 6.288054466247559,
    "mfcc_7_mean": -20.276065826416016,
    "mfcc_7_std": 9.780805587768555,
    "mfcc_8_delta_std": 6.223443984985352,
    "mfcc_8_mean": -3.024282217025757,
    "mfcc_8_std": 12.565774917602539,
    "mfcc_9_delta_std": 5.736783027648926,
    "mfcc_9_mean": -1.3059465885162354,
    "mfcc_9_std": 8.49485969543457,
    "percussive_mean": 0.05774296820163727,
    "rms_mean": 0.12904158234596252,
    "rms_std": 0.10567303746938705,
    "shimmer": 0.16357837617397308,
    "silence_ratio": 0.13577449313898948,
    "spectral_bandwidth_mean": 1646.918658304946,
    "spectral_bandwidth_std": 544.313002191659,
    "spectral_centroid_mean": 1666.2431051254382,
    "spectral_centroid_std": 931.1362032065949,
    "spectral_flatness_mean": 0.012239919975399971,
    "spectral_flatness_std": 0.02133171632885933,
    "spectral_rolloff_mean": 3172.2501076933822,
    "spectral_rolloff_std": 1793.4684957323093,
    "voiced_ratio": 0.7146882131048293,
    "zcr_mean": 0.11414685034148989,
    "zcr_std": 0.09874743952701312
  },
  "feature_importance": {
    "f0_diff_std": 1.8826667373162334,
    "f0_mean": 11.152893788111594,
    "f0_range": 5.777398738418962,
    "f0_std": 8.286108255329411,
    "harmonic_mean": 7.090617501298815,
    "harmonic_percussive_ratio": 1.2336739732193622,
    "jitter": 0.7232921335618263,
    "mfcc_0_delta_std": 13.341927039883176,
    "mfcc_0_mean": 17.469685068784674,
    "mfcc_0_std": 6.780904919396131,
    "mfcc_10_delta_std": 7.05267744821489,
    "mfcc_10_mean": 6.231593755878884,
    "mfcc_10_std": 4.646572510976308,
    "mfcc_11_delta_std": 3.637997523492347,
    "mfcc_11_mean": 0.2912650113042577,
    "mfcc_11_std": 0.8796748946734725,
    "mfcc_12_delta_std": 4.589967489014277,
    "mfcc_12_mean": 2.272818501080095,
    "mfcc_12_std": 1.1883645804043086,
    "mfcc_13_delta_std": 2.925798360591512,
    "mfcc_13_mean": 0.04497355635472438,
    "mfcc_13_std": 0.11484203031797052,
    "mfcc_14_delta_std": 2.081409843282042,
    "mfcc_14_mean": 0.21444293887826227,
    "mfcc_14_std": 0.7591504859016894,
    "mfcc_15_delta_std": 2.220383573121667,
    "mfcc_15_mean": 1.6890578426145169,